Origin,Target,Type,Format
"/articles/%e5%b0%8f%e8%b3%87%e8%87%aa%e5%8a%a9%e7%8e%a9%e6%97%a5%e6%9c%ac-%e6%9d%b1%e4%ba%ac%e7%9c%81%e9%8c%a2%e5%85%a8%e6%94%bb%e7%95%a5","/articles/2019%e5%b0%8f%e8%b3%87%e7%8e%a9%e6%97%a5%e6%9c%ac-%e6%9d%b1%e4%ba%ac%e8%87%aa%e5%8a%a9%e7%9c%81%e9%8c%a2%e5%85%a8%e6%94%bb%e7%95%a5/","301","plain"
"/articles/%e7%a4%be%e6%9c%83%e6%96%b0%e9%ae%ae%e4%ba%ba%e7%9a%84%e7%ac%ac%e4%b8%80%e5%bc%b5%e4%bf%a1%e7%94%a8%e5%8d%a1%e8%a9%b2%e5%a6%82%e4%bd%95%e9%81%b8%e6%93%87%ef%bc%9f","/articles/%e7%a4%be%e6%9c%83%e6%96%b0%e9%ae%ae%e4%ba%ba%e7%9a%84%e7%ac%ac%e4%b8%80%e5%bc%b5%e4%bf%a1%e7%94%a8%e5%8d%a1/","301","plain"
"/articles/%e6%9d%b1%e5%8d%97%e4%ba%9e%e6%97%85%e9%81%8a%e5%bf%85%e7%9c%8b%ef%bc%81-6-%e5%a4%a7%e5%b8%b8%e8%a6%8b%e9%a8%99%e9%8c%a2%e6%89%8b%e6%b3%95%e8%a6%81%e5%b0%8f%e5%bf%83","/articles/%e6%9d%b1%e5%8d%97%e4%ba%9e%e6%97%85%e9%81%8a%e5%bf%85%e7%9c%8b%ef%bc%816-%e5%a4%a7%e5%b8%b8%e8%a6%8b%e8%a9%90%e9%a8%99%e6%89%8b%e6%b3%95%e8%a6%81%e5%b0%8f%e5%bf%83/","301","plain"
"/articles/%e5%84%b2%e8%93%84%e6%96%b0%e6%89%8b-%e5%ad%98%e9%8c%a2-%e7%ac%ac%e4%b8%80%e6%a1%b6%e9%87%91","/articles/%e6%96%b0%e9%ae%ae%e4%ba%ba-%e5%ad%98%e9%8c%a2-%e7%ac%ac%e4%b8%80%e6%a1%b6%e9%87%91/","301","plain"
"/articles/2020-%e8%ab%8b%e5%81%87%e6%94%bb%e7%95%a5-%e6%97%85%e9%81%8a%e6%87%b6%e4%ba%ba%e5%8c%85-%e7%8e%a9%e5%93%a9%e7%a8%8b","/articles/2020-%e8%ab%8b%e5%81%87%e6%94%bb%e7%95%a5-%e6%97%85%e9%81%8a%e6%87%b6%e4%ba%ba%e5%8c%85/","301","plain"
"/articles/5-%e6%ac%be%e7%86%b1%e9%96%80%e8%a8%98%e5%b8%b3-app-%e6%8e%a8%e8%96%a6%ef%bc%8c%e8%ae%93%e4%bd%a0%e7%9a%84%e8%8d%b7%e5%8c%85%e4%b8%8d%e5%86%8d%e6%b6%88%e7%98%a6","/articles/%e5%b9%b4%e8%bc%95%e4%ba%ba-%e5%ad%98%e9%8c%a2-%e8%a8%98%e5%b8%b3app-%e6%8e%a8%e8%96%a6/","301","plain"
"/articles/%e5%b9%b4%e8%bc%95%e4%ba%ba-%e5%ad%98%e9%8c%a2-%e8%a8%98%e5%b8%b3app-%e6%8e%a8%e8%96%a6","/articles/%e6%96%b0%e9%ae%ae%e4%ba%ba-%e5%ad%98%e9%8c%a2-%e8%a8%98%e5%b8%b3app-%e6%8e%a8%e8%96%a6/","301","plain"
"/articles/%e6%97%a5%e6%9c%ac%e7%a7%9f%e8%bb%8a%e8%87%aa%e9%a7%95%e6%94%bb%e7%95%a5%ef%bc%9a%e4%b8%89%e5%a4%a7%e8%ad%89%e4%bb%b6%e6%ba%96%e5%82%99%e5%a5%bd%e4%ba%86%e5%97%8e%ef%bc%9f","/articles/%e6%97%a5%e6%9c%ac%e7%a7%9f%e8%bb%8a%e8%87%aa%e9%a7%95%e6%94%bb%e7%95%a5%ef%bc%9a%e6%97%a5%e6%9c%ac%e9%a7%95%e7%85%a7%e5%a6%82%e4%bd%95%e6%ba%96%e5%82%99%ef%bc%9f/","301","plain"
"/articles/%e6%97%a5%e6%9c%ac%e7%a7%9f%e8%bb%8a%e8%87%aa%e9%a7%95%e6%94%bb%e7%95%a5%ef%bc%9a%e6%97%a5%e6%9c%ac%e9%a7%95%e7%85%a7%e5%a6%82%e4%bd%95%e6%ba%96%e5%82%99%ef%bc%9f","/articles/%e6%97%a5%e6%9c%ac%e7%a7%9f%e8%bb%8a%e8%87%aa%e9%a7%95%e6%94%bb%e7%95%a5%ef%bc%9a%e4%b8%89%e5%a4%a7%e5%bf%85%e5%82%99%e8%ad%89%e7%85%a7%e4%bd%a0%e6%ba%96%e5%82%99%e5%a5%bd%e4%ba%86%ef%bc%9f/","301","plain"
"/articles/%e6%97%a5%e6%9c%ac%e7%a7%9f%e8%bb%8a%e8%87%aa%e9%a7%95%e6%94%bb%e7%95%a5%ef%bc%9a%e4%b8%89%e5%a4%a7%e5%bf%85%e5%82%99%e8%ad%89%e7%85%a7%e4%bd%a0%e6%ba%96%e5%82%99%e5%a5%bd%e4%ba%86%ef%bc%9f","/articles/%e6%97%a5%e6%9c%ac%e7%a7%9f%e8%bb%8a-%e8%87%aa%e9%a7%95-%e9%a7%95%e7%85%a7/","301","plain"
"/articles/%e9%81%8a%e6%97%a5%e7%a7%9f%e8%bb%8a%e6%94%bb%e7%95%a5%ef%bc%9a%e9%80%99%e5%9b%9b%e9%a0%85%e4%bf%9d%e9%9a%aa%e5%92%8c%e5%93%aa%e4%ba%9b%e6%ac%8a%e7%9b%8a%e7%9b%b8%e9%97%9c%ef%bc%9f","/articles/%e6%97%a5%e6%9c%ac%e7%a7%9f%e8%bb%8a-%e8%87%aa%e9%a7%95-%e4%bf%9d%e9%9a%aa/","301","plain"
"/articles/%e6%97%a5%e6%9c%ac%e7%a7%9f%e8%bb%8a-%e8%87%aa%e9%a7%95-%e4%bf%9d%e9%9a%aa","/articles/%e6%97%a5%e6%9c%ac/","301","plain"
"/articles/%e6%97%a5%e6%9c%ac","/articles/%e6%97%a5%e6%9c%ac%e7%a7%9f%e8%bb%8a%e8%87%aa%e9%a7%95-%e4%bf%9d%e9%9a%aa/","301","plain"
"/articles/%e6%8a%95%e8%b3%87-%e5%b7%a5%e5%85%b7","/articles/%e6%8a%95%e8%b3%87-%e5%95%86%e5%93%81-%e9%81%b8%e6%93%87/","301","plain"
"/articles/%e6%8a%95%e8%b3%87-%e5%95%86%e5%93%81-%e9%81%b8%e6%93%87","/articles/%e6%8a%95%e8%b3%87-%e5%95%86%e5%93%81-%e6%96%b0%e6%89%8b-%e9%81%b8%e6%93%87/","301","plain"
"/articles/%e9%9b%bb%e8%a9%b1%e9%9d%a2%e8%a9%a6-%e4%ba%ba%e8%b3%87","/articles/%e9%9b%bb%e8%a9%b1%e9%9d%a2%e8%a9%a6-%e6%ba%96%e5%82%99/","301","plain"
"/articles/%e6%96%b0%e5%8a%a0%e5%9d%a1-%e6%97%85%e9%81%8a-%e6%94%bb%e7%95%a5","/articles/%e6%96%b0%e5%8a%a0%e5%9d%a1-%e6%97%85%e9%81%8a%e6%94%bb%e7%95%a5-%e7%be%8e%e9%a3%9f-%e6%99%af%e9%bb%9e-%e6%8e%a8%e8%96%a6/","301","plain"
"/articles/%e8%b3%bc%e7%89%a9%e7%8b%82-%e5%b0%8f%e8%b3%87-%e6%96%b0%e9%ae%ae%e4%ba%ba-%e7%b0%bd%e5%b8%b3%e9%87%91%e8%9e%8d%e5%8d%a1","/articles/%e5%b0%8f%e8%b3%87-%e6%96%b0%e9%ae%ae%e4%ba%ba-%e7%b0%bd%e5%b8%b3%e9%87%91%e8%9e%8d%e5%8d%a1/","301","plain"
"/articles/%e8%88%aa%e7%8f%ad%e9%81%87%e5%88%b0%e7%bd%b7%e5%b7%a5%e6%80%8e%e9%ba%bc%e8%be%a6%ef%bc%9f%e4%ba%94%e9%bb%9e%e6%95%99%e4%bd%a0%e8%87%aa%e6%95%91%e6%b8%9b%e5%b0%91%e6%90%8d%e5%a4%b1","/articles/%e8%88%aa%e7%8f%ad%e9%81%87%e5%88%b0%e7%bd%b7%e5%b7%a5%e6%80%8e%e9%ba%bc%e8%be%a6%ef%bc%9f%e4%ba%94%e9%bb%9e%e6%95%99%e4%bd%a0%e5%a6%82%e4%bd%95%e8%87%aa%e6%95%91/","301","plain"
"/articles/%e9%87%91%e5%83%b9%e9%a9%9a%e9%a9%9a%e6%bc%b2%ef%bc%8c%e6%96%b0%e6%89%8b%e5%a6%82%e4%bd%95%e8%b2%b7%ef%bc%9f7-%e7%a8%ae%e8%b2%b7%e9%bb%83%e9%87%91%e7%9a%84%e6%96%b9%e6%b3%95%e4%b8%80%e6%ac%a1%e6%95%99","/articles/%e9%87%91%e5%83%b9-%e6%96%b0%e6%89%8b-%e8%b2%b7%e9%bb%83%e9%87%91/","301","plain"
"/articles/%e4%ba%ba%e8%b3%87%e6%95%99%e4%bd%a0%e9%9d%a2%e8%a9%a6%e5%bf%85%e5%8b%9d%ef%bc%8c%e6%8a%8a%e6%8f%a1-star-%e5%8e%9f%e5%89%87%e8%ae%93%e4%bd%a0%e8%84%ab%e7%a9%8e%e8%80%8c%e5%87%ba","/articles/%e6%96%b0%e9%ae%ae%e4%ba%ba-%e9%9d%a2%e8%a9%a6-star%e5%8e%9f%e5%89%87/","301","plain"
"/articles/%e5%87%ba%e5%9c%8b%e8%87%aa%e6%95%91%e6%8c%87%e5%8d%97","/articles/%e8%ad%b7%e7%85%a7%e4%b8%8d%e8%a6%8b-%e6%b5%b7%e5%a4%96%e8%87%aa%e6%95%91/","301","plain"
"/articles/%e6%83%b3%e8%b3%ba-line-points-%ef%bc%8c%e4%b8%ad%e4%bf%a1-line-pay-%e5%8d%a1%e3%80%81%e8%81%af%e9%82%a6%e8%b3%b4%e9%bb%9e%e4%b8%80%e5%8d%a1%e9%80%9a%e5%93%aa%e5%bc%b5%e5%a5%bd%ef%bc%9f","/articles/line-points-%e4%b8%ad%e4%bf%a1-line-pay-%e8%81%af%e9%82%a6%e8%b3%b4%e9%bb%9e%e4%b8%80%e5%8d%a1%e9%80%9a/","301","plain"
"/articles/working-holiday-20190315-1","/articles/%e6%89%93%e5%b7%a5%e5%ba%a6%e5%81%87-%e6%b3%a8%e6%84%8f-working-holiday/","301","plain"
"/articles/%e5%8c%97%e5%b8%82%e6%a9%9f%e8%bb%8a%e6%97%8f%e6%b3%a8%e6%84%8f%ef%bc%81%e7%b9%b3%e5%81%9c%e8%bb%8a%e8%b2%bb%e9%9d%a0%e9%80%99%e5%85%a9%e6%8b%9b%e6%9c%80%e7%9c%81%e9%8c%a2","/articles/%e6%a9%9f%e8%bb%8a%e6%97%8f-%e7%b9%b3%e5%81%9c%e8%bb%8a%e8%b2%bb/","301","plain"
"/articles/%e4%be%bf%e5%88%a9%e5%95%86%e5%ba%97-%e6%8a%97%e6%9a%91-%e5%85%a8%e5%ae%b6-%e5%86%b0%e5%93%81-%e6%a9%9f%e7%a5%a8-7-eleven-%e8%90%8a%e7%88%be%e5%af%8c-ok-%e6%a3%ae%e6%b0%b8%e7%89%9b%e5%a5%b6%e7%b3%96","/articles/%e4%be%bf%e5%88%a9%e5%95%86%e5%ba%97-%e5%86%b0%e5%93%81-%e6%95%b4%e7%90%86/","301","plain"
"/articles/%e5%8d%97%e9%9d%9e%e5%b9%a3-%e9%ab%98%e5%88%a9%e7%8e%87%e3%84%87-%e5%ae%9a%e5%ad%98-%e9%8a%80%e8%a1%8c-%e7%8e%89%e5%b1%b1-%e5%9c%9f%e5%9c%b0%e9%8a%80%e8%a1%8c","/articles/%e5%8d%97%e9%9d%9e%e5%b9%a3-%e9%ab%98%e5%88%a9%e5%ae%9a%e5%ad%98-%e9%8a%80%e8%a1%8c/","301","plain"
"/articles/%e4%bd%a0%e7%9f%a5%e9%81%93%e7%94%a8%e6%95%ac%e8%80%81%e5%8d%a1%e4%b9%9f%e8%83%bd%e6%90%ad%e8%a8%88%e7%a8%8b%e8%bb%8a%e5%97%8e%ef%bc%9f","/articles/%e6%95%ac%e8%80%81%e5%8d%a1-%e5%84%aa%e6%83%a0-%e8%a3%9c%e5%8a%a9-%e8%a8%88%e7%a8%8b%e8%bb%8a/","301","plain"
"/articles/%e5%b9%ab%e4%bd%a0%e6%88%b0%e5%8b%9d%e9%ab%94%e8%84%82%e8%82%aa%ef%bc%81%e4%b8%89%e6%ac%be%e5%8f%aa%e8%a6%81%e8%b5%b0%e8%b7%af%e3%80%81%e9%81%8b%e5%8b%95%e5%b0%b1%e8%83%bd%e8%b3%ba%e9%8c%a2%e7%9a%84-a","/articles/%e6%88%b0%e5%8b%9d%e9%ab%94%e8%84%82%e8%82%aa-%e8%b5%b0%e8%b7%af-%e9%81%8b%e5%8b%95-%e8%b3%ba%e9%8c%a2-app/","301","plain"
"/articles/gym-20190315-1","/articles/%e9%81%8b%e5%8b%95-%e5%81%a5%e8%ba%ab%e4%b8%ad%e5%bf%83-%e5%81%a5%e8%ba%ab%e6%88%bf/","301","plain"
"/articles/%e6%88%91%e9%9c%80%e8%a6%81-applecare-%e5%97%8e-%e5%a6%82%e4%bd%95%e8%b2%b7%e3%80%81%e5%83%b9%e7%9b%ae%e8%a1%a8%e3%80%81%e7%b6%ad%e4%bf%ae%e7%a6%81%e5%bf%8c%e4%b8%80%e7%af%87%e6%90%9e%e6%87%82","/articles/applecare-buy-price/","301","plain"
"/articles/%e5%8f%b0%e7%81%a3%e4%ba%ba%e9%a6%99%e6%b8%af%e9%8a%80%e8%a1%8c%e9%96%8b%e6%88%b6%e6%94%bb%e7%95%a5%ef%bc%9a%e8%ac%b9%e8%a8%98%e5%81%9a%e8%b6%b35%e9%a0%85%e6%ba%96%e5%82%99","/articles/%e5%8f%b0%e7%81%a3%e4%ba%ba-%e9%a6%99%e6%b8%af-%e9%8a%80%e8%a1%8c%e9%96%8b%e6%88%b6-%e6%94%bb%e7%95%a5-%e6%ba%96%e5%82%99/","301","plain"
"/articles/movies-creditcard-20190312-2","/articles/2019-%e9%9b%bb%e5%bd%b1-%e4%bf%a1%e7%94%a8%e5%8d%a1-%e5%84%aa%e6%83%a0/","301","plain"
"/articles/%e9%a2%b1%e9%a2%a8-%e4%b8%b9%e5%a8%9c%e7%b5%b2-%e9%a2%b1%e9%a2%a8%e6%b4%aa%e6%b0%b4%e9%9a%aa","/articles/%e8%bb%8a%e5%ad%90%e6%b3%a1%e6%b0%b4-%e6%88%bf%e5%b1%8b%e5%8f%97%e6%90%8d-%e6%80%8e%e9%ba%bc%e8%be%a6-%e9%a2%b1%e9%a2%a8%e9%9a%aa/","301","plain"
"/articles/%e5%bd%b0%e9%8a%80-my%e6%a8%82-%e7%8f%be%e9%87%91%e5%9b%9e%e9%a5%8b%e5%8d%a1-6","/articles/%e6%b5%b7%e5%a4%96%e5%9b%9e%e9%a5%8b-%e5%bd%b0%e9%8a%80-my%e6%a8%82-%e7%8f%be%e9%87%91%e5%9b%9e%e9%a5%8b%e5%8d%a1/","301","plain"
"/articles/%e6%83%b3%e8%be%a6%e6%94%af%e4%bb%98%e5%af%b6%e5%bf%85%e7%9f%a5%ef%bc%81%e3%80%8c%e5%af%8c%e9%82%a6%e8%8f%af%e4%b8%80%e9%8a%80%e8%a1%8c%e3%80%8d%e4%b8%ad%e5%9c%8b%e9%96%8b%e6%88%b6%e5%85%a8%e6%94%bb","/articles/%e6%94%af%e4%bb%98%e5%af%b6-%e5%af%8c%e9%82%a6%e8%8f%af%e4%b8%80%e9%8a%80%e8%a1%8c-%e4%b8%ad%e5%9c%8b%e9%96%8b%e6%88%b6%e6%94%bb%e7%95%a5/","301","plain"
"/articles/%e4%bd%8e%e9%a0%90%e7%ae%97-%e6%97%85%e4%ba%ba-%e6%b5%b7%e5%a4%96-%e6%89%93%e5%b7%a5%e6%8f%9b%e5%ae%bf","/articles/%e4%bd%8e%e9%a0%90%e7%ae%97-workaway-wwoof-helpx-%e6%89%93%e5%b7%a5%e6%8f%9b%e5%ae%bf/","301","plain"
"/articles/%e6%88%bf%e8%b2%b8%e7%9a%84%e9%a1%9e%e5%9e%8b%e6%9c%89%e5%93%aa%e4%ba%9b%ef%bc%9f%e4%b8%80%e6%ac%a1%e5%91%8a%e8%a8%b4%e4%bd%a0-7-%e7%a8%ae%e6%88%bf%e8%b2%b8%e5%93%aa%e5%80%8b%e9%81%a9%e5%90%88","/articles/%e6%88%bf%e8%b2%b8-%e9%a1%9e%e5%9e%8b-%e4%b8%80%e6%ac%a1%e5%91%8a%e8%a8%b4%e4%bd%a0/","301","plain"
"/articles/%e5%96%ae%e8%ba%ab%e5%a9%9a%e8%82%b2-%e7%a7%9f%e9%87%91%e8%a3%9c%e5%8a%a9-%e7%94%b3%e8%ab%8b","/articles/%e5%96%ae%e8%ba%ab%e5%a9%9a%e8%82%b2-%e7%a7%9f%e5%b1%8b%e8%a3%9c%e5%8a%a9-%e7%94%b3%e8%ab%8b/","301","plain"
"/articles/%e7%8e%a9%e7%b4%90%e7%b4%84-%e9%80%99%e6%a8%a3%e6%90%ad%e6%9c%80%e5%88%92%e7%ae%97-%e7%b4%90%e7%b4%84%e6%99%af%e9%bb%9e%e4%ba%a4%e9%80%9a%e6%94%bb%e7%95%a5","/articles/%e7%b4%90%e7%b4%84-%e6%99%af%e9%bb%9e%e4%ba%a4%e9%80%9a%e6%94%bb%e7%95%a5/","301","plain"
"/easy-travel/%e7%be%8e%e9%a3%9f","/easy-travel/%e8%a1%8c%e7%a8%8b%e9%ab%94%e9%a9%97/","301","plain"
"/articles/2019-%e8%b2%93%e7%8b%97-%e5%af%b5%e7%89%a9%e9%9a%aa%e5%a4%a7%e8%a9%95%e6%af%94","/articles/2019-%e8%b2%93%e7%8b%97-%e5%af%b5%e7%89%a9%e9%9a%aa%e5%a4%a7%e8%a9%95%e6%af%94-%e5%af%b5%e7%89%a9%e9%9a%aa%e6%af%94%e8%bc%83/","301","plain"
"/articles/%e6%89%93%e5%b7%a5%e6%97%85%e9%81%8a-%e5%bf%85%e5%82%99%e7%a5%9e%e5%8d%a1-%e5%a4%9a%e5%b9%a3%e5%b8%b3%e6%88%b6-revolut-monzo-%e6%af%94%e8%bc%83","/articles/%e6%b5%b7%e5%a4%96%e6%89%93%e5%b7%a5%e6%97%85%e9%81%8a-%e5%bf%85%e5%82%99%e7%a5%9e%e5%8d%a1-%e5%a4%9a%e5%b9%a3%e5%b8%b3%e6%88%b6-revolut-monzo-%e6%af%94%e8%bc%83/","301","plain"
"/articles/%e6%b5%b7%e5%a4%96%e6%89%93%e5%b7%a5%e6%97%85%e9%81%8a-%e5%bf%85%e5%82%99%e7%a5%9e%e5%8d%a1-%e5%a4%9a%e5%b9%a3%e5%b8%b3%e6%88%b6-revolut-monzo-%e6%af%94%e8%bc%83","/articles/%e6%b5%b7%e5%a4%96%e6%89%93%e5%b7%a5-%e7%a5%9e%e5%8d%a1-%e5%a4%9a%e5%b9%a3%e5%b8%b3%e6%88%b6-revolut-monzo-%e6%af%94%e8%bc%83/","301","plain"
"/articles/%e8%87%aa%e7%84%b6%e4%ba%ba%e6%86%91%e8%ad%89%e5%a6%82%e4%bd%95%e7%94%b3%e8%ab%8b%e3%80%81%e6%9c%89%e4%bb%80%e9%ba%bc%e5%a5%bd%e8%99%95%ef%bc%9f%e5%a0%b1%e7%a8%85%e3%80%81%e6%9f%a5%e8%a9%a2%e4%bf%a1","/articles/%e8%87%aa%e7%84%b6%e4%ba%ba%e6%86%91%e8%ad%89-%e5%a0%b1%e7%a8%85-%e4%bf%a1%e7%94%a8%e8%a9%95%e5%88%86/","301","plain"
"/articles/%e6%96%b0%e6%89%8b%e8%b2%b7%e9%bb%83%e9%87%91%e5%85%a8%e6%94%bb%e7%95%a5%ef%bc%9a%e6%80%8e%e9%ba%bc%e8%b2%b7%e3%80%81%e4%bd%95%e6%99%82%e8%b2%b7%e3%80%81%e6%9c%89%e4%bd%95%e9%a2%a8%e9%9a%aa%e4%b8%80","/articles/%e6%96%b0%e6%89%8b%e8%b2%b7%e9%bb%83%e9%87%91-%e6%94%bb%e7%95%a5-%e6%80%8e%e9%ba%bc%e8%b2%b7-%e4%bd%95%e6%99%82%e8%b2%b7-%e9%a2%a8%e9%9a%aa/","301","plain"
"/articles/%e6%97%85%e9%81%8a%e4%b8%8d%e4%be%bf%e9%9a%aa-%e6%af%94%e8%bc%83-%e6%8e%a8%e8%96%a6-%e5%af%8c%e9%82%a6-%e6%97%85%e9%81%8a%e4%b8%8d%e4%be%bf%e9%9a%aa-%e5%9c%8b%e6%b3%b0%e6%97%85%e9%81%8a%e4%b8%8d","/articles/%e6%97%85%e9%81%8a%e4%b8%8d%e4%be%bf%e9%9a%aa-%e6%af%94%e8%bc%83-%e6%8e%a8%e8%96%a6-%e5%af%8c%e9%82%a6-%e5%9c%8b%e6%b3%b0/","301","plain"